{ "2.png": {"Thickness": 0.0029322598338127, "Rvalue": 1.0, "Gvalue": 1.0, "Bvalue": 1.0, "Avalue": 255.0, "Stampimage": 56.0, "Noisefactor": 0.3610181808471679, "Rotationrandomness": 0.9777545380592346, "Interval": 0.4604120647907257, "Stampmode": 1.0}, "6.png": {"Thickness": 0.0078045506238937, "Rvalue": 66.0, "Gvalue": 91.0, "Bvalue": 70.0, "Avalue": 255.0, "Stampimage": 31.0, "Noisefactor": 0.1290230602025985, "Rotationrandomness": 0.6789469027519226, "Interval": 0.300602296590805, "Stampmode": 1.0}, "7.png": {"Thickness": 0.0113650150060653, "Rvalue": 52.0, "Gvalue": 63.0, "Bvalue": 71.0, "Avalue": 255.0, "Stampimage": 94.0, "Noisefactor": 0.1673761308193206, "Rotationrandomness": 0.5977744042873383, "Interval": 0.4273589944839477, "Stampmode": 1.0}, "8.png": {"Thickness": 0.0157141382455825, "Rvalue": 61.0, "Gvalue": 74.0, "Bvalue": 83.0, "Avalue": 255.0, "Stampimage": 10.0, "Noisefactor": 0.0, "Rotationrandomness": 0.865087376832962, "Interval": 0.4794291055202484, "Stampmode": 1.0},"11.png": {"Thickness": 0.0101940832495689, "Rvalue": 68.0, "Gvalue": 92.0, "Bvalue": 74.0, "Avalue": 255.0, "Stampimage": 64.0, "Noisefactor": 0.2297353893518448, "Rotationrandomness": 0.9490216660499572, "Interval": 0.4319236075878143, "Stampmode": 1.0},"13.png": {"Thickness": 0.0182837177276611, "Rvalue": 22.0, "Gvalue": 24.0, "Bvalue": 26.0, "Avalue": 255.0, "Stampimage": 70.0, "Noisefactor": 0.0365866795182228, "Rotationrandomness": 0.7716108894348145, "Interval": 0.2771201825141907, "Stampmode": 1.0}, "15.png": {"Thickness": 0.0214969111442565, "Rvalue": 72.0, "Gvalue": 69.0, "Bvalue": 53.0, "Avalue": 255.0, "Stampimage": 87.0, "Noisefactor": 0.0560387596487998, "Rotationrandomness": 0.6709699249267578, "Interval": 0.6288936829566956, "Stampmode": 1.0},"18.png": {"Thickness": 0.0112011311411857, "Rvalue": 72.0, "Gvalue": 84.0, "Bvalue": 92.0, "Avalue": 255.0, "Stampimage": 94.0, "Noisefactor": 0.1505942493677139, "Rotationrandomness": 0.5214555597305298, "Interval": 0.4329367673397064, "Stampmode": 1.0}, "19.png": {"Thickness": 0.0071850859582424, "Rvalue": 61.0, "Gvalue": 73.0, "Bvalue": 82.0, "Avalue": 255.0, "Stampimage": 31.0, "Noisefactor": 0.1879879385232925, "Rotationrandomness": 0.673780465722084, "Interval": 0.3528381085395813, "Stampmode": 1.0}}