{"0.png": {"Thickness": 0.0095715702533721, "Rvalue": 81.0, "Gvalue": 39.0, "Bvalue": 63.0, "Avalue": 77.0, "Stampimage": 31.0, "Noisefactor": 0.1538017392158508, "Rotationrandomness": 0.502280720770359, "Interval": 0.1608354991674423, "Stampmode": 1.0}, "1.png": {"Thickness": 0.005953131711483, "Rvalue": 50.0, "Gvalue": 98.0, "Bvalue": 88.0, "Avalue": 66.0, "Stampimage": 18.0, "Noisefactor": 0.3853502571582794, "Rotationrandomness": 0.6930789589881897, "Interval": 0.1395192241668701, "Stampmode": 1.0}, "2.png": {"Thickness": 0.0101362583994865, "Rvalue": 85.0, "Gvalue": 113.0, "Bvalue": 122.0, "Avalue": 102.0, "Stampimage": 30.0, "Noisefactor": 0.4445929229259491, "Rotationrandomness": 0.9615311524271966, "Interval": 0.2097124552726745, "Stampmode": 1.0}, "3.png": {"Thickness": 0.0083326811552047, "Rvalue": 70.0, "Gvalue": 67.0, "Bvalue": 116.0, "Avalue": 94.0, "Stampimage": 30.0, "Noisefactor": 0.2609246075153351, "Rotationrandomness": 0.9182538059353827, "Interval": 0.1952894276380539, "Stampmode": 1.0}, "4.png": {"Thickness": 0.0094553340435028, "Rvalue": 80.0, "Gvalue": 21.0, "Bvalue": 75.0, "Avalue": 168.0, "Stampimage": 87.0, "Noisefactor": 0.0809176042675972, "Rotationrandomness": 0.5927447283267975, "Interval": 0.3398990726470947, "Stampmode": 1.0}, "5.png": {"Thickness": 0.0088217533588409, "Rvalue": 74.0, "Gvalue": 26.0, "Bvalue": 80.0, "Avalue": 135.0, "Stampimage": 87.0, "Noisefactor": 0.1011166647076606, "Rotationrandomness": 0.6323267385363579, "Interval": 0.2755114829540253, "Stampmode": 1.0}, "6.png": {"Thickness": 0.0199515546321868, "Rvalue": 169.0, "Gvalue": 79.0, "Bvalue": 99.0, "Avalue": 88.0, "Stampimage": 70.0, "Noisefactor": 0.3114202618598938, "Rotationrandomness": 0.7825942385196686, "Interval": 0.1823228394985199, "Stampmode": 1.0}, "7.png": {"Thickness": 0.0080798579216003, "Rvalue": 68.0, "Gvalue": 10.0, "Bvalue": 71.0, "Avalue": 151.0, "Stampimage": 31.0, "Noisefactor": 0.0381127521395683, "Rotationrandomness": 0.5679492822289467, "Interval": 0.30664346575737, "Stampmode": 1.0}, "8.png": {"Thickness": 0.0065058804512023, "Rvalue": 54.0, "Gvalue": 45.0, "Bvalue": 88.0, "Avalue": 132.0, "Stampimage": 23.0, "Noisefactor": 0.1745803654193878, "Rotationrandomness": 0.6977286574244499, "Interval": 0.2684054470062256, "Stampmode": 1.0}, "9.png": {"Thickness": 0.0177825380325317, "Rvalue": 150.0, "Gvalue": 80.0, "Bvalue": 62.0, "Avalue": 139.0, "Stampimage": 94.0, "Noisefactor": 0.3142611384391784, "Rotationrandomness": 0.4956183928251266, "Interval": 0.2822566723823547, "Stampmode": 1.0}, "10.png": {"Thickness": 0.0114840210437774, "Rvalue": 97.0, "Gvalue": 34.0, "Bvalue": 69.0, "Avalue": 146.0, "Stampimage": 10.0, "Noisefactor": 0.1319689899682998, "Rotationrandomness": 0.5505078572034836, "Interval": 0.2968797481060028, "Stampmode": 1.0}}